keyword_name,ADF_Statistics_wiki,ADF_p_value_wiki,ADF_critical_values_wiki,ADF_Statistics_news,ADF_p_value_news,ADF_critical_values_news,ssr_ftest_pValue_lag1,ssr_ftest_pValue_lag2,ssr_ftest_pValue_lag3,ssr_ftest_pValue_lag4,ssr_ftest_pValue_lag5,ssr_ftest_pValue_lag6,ssr_ftest_pValue_lag7
2G,-6.152354929671527,7.509109546750829e-08,"{'1%': -3.4779446621720114, '5%': -2.8824156122448983, '10%': -2.577901887755102}",-2.9291288785125484,0.0420640507784741,"{'1%': -3.4753253063120644, '5%': -2.881274703275226, '10%': -2.5772928360116873}",0.1585,0.36,0.0048,0.0017,0.0032,0.0349,0.0113
2G-Regel,-1.7815059300809726,0.3896813678001902,"{'1%': -3.4744158894942156, '5%': -2.880878382771059, '10%': -2.577081275821236}",-2.6306081477982333,0.08683474033661281,"{'1%': -3.4756368462466662, '5%': -2.8814104466172608, '10%': -2.5773652982553568}",0.1055,0.1347,0.1522,0.2006,0.2409,0.6093,0.8189
3G,-5.992841617430682,1.729179265256797e-07,"{'1%': -3.4776006742422374, '5%': -2.882265832283648, '10%': -2.5778219289774156}",-11.61457463802301,2.4665580728577786e-21,"{'1%': -3.473829775724492, '5%': -2.880622899711496, '10%': -2.5769448985432954}",0.3769,0.4962,0.2652,0.2759,0.2027,0.4056,0.2055
A,-11.208058397690783,2.159864196232468e-20,"{'1%': -3.473829775724492, '5%': -2.880622899711496, '10%': -2.5769448985432954}",-12.570638773200054,2.0077620926068827e-23,"{'1%': -3.473829775724492, '5%': -2.880622899711496, '10%': -2.5769448985432954}",0.1438,0.1789,0.2687,0.2817,0.3887,0.5324,0.5295
Ab,-12.506756877668828,2.7298107296208635e-23,"{'1%': -3.473829775724492, '5%': -2.880622899711496, '10%': -2.5769448985432954}",-10.305089222821934,3.294815584235623e-18,"{'1%': -3.473829775724492, '5%': -2.880622899711496, '10%': -2.5769448985432954}",0.4711,0.5616,0.7634,0.8286,0.5584,0.6787,0.6212
Abend,-9.755722742337916,7.799427264274404e-17,"{'1%': -3.473829775724492, '5%': -2.880622899711496, '10%': -2.5769448985432954}",-1.805622213413208,0.3776740149233909,"{'1%': -3.4779446621720114, '5%': -2.8824156122448983, '10%': -2.577901887755102}",0.0516,0.0688,0.1348,0.1059,0.1274,0.2897,0.4933
Abschied,-2.365277713045611,0.1517772359999322,"{'1%': -3.4756368462466662, '5%': -2.8814104466172608, '10%': -2.5773652982553568}",-9.578272644813923,2.1933078525311824e-16,"{'1%': -3.474120870218417, '5%': -2.880749791423677, '10%': -2.5770126333102494}",0.4225,0.4858,0.6249,0.6389,0.7209,0.6027,0.5859
Acht,-6.551147052626052,8.844689247296915e-09,"{'1%': -3.474120870218417, '5%': -2.880749791423677, '10%': -2.5770126333102494}",-2.211029179187952,0.202266881370948,"{'1%': -3.4756368462466662, '5%': -2.8814104466172608, '10%': -2.5773652982553568}",0.1321,0.1507,0.1605,0.2241,0.3282,0.2759,0.3788
Afghanistan,-5.304832423405014,5.350847606097261e-06,"{'1%': -3.473829775724492, '5%': -2.880622899711496, '10%': -2.5769448985432954}",-7.180302173203892,2.66060582940184e-10,"{'1%': -3.474120870218417, '5%': -2.880749791423677, '10%': -2.5770126333102494}",0.8439,0.8963,0.3781,0.47,0.5314,0.6346,0.4853
Alba,-4.742644844526391,6.992670422145878e-05,"{'1%': -3.474120870218417, '5%': -2.880749791423677, '10%': -2.5770126333102494}",-10.830658239217817,1.711503550790895e-19,"{'1%': -3.473829775724492, '5%': -2.880622899711496, '10%': -2.5769448985432954}",0.0324,0.0161,0.0273,0.0609,0.04,0.0643,0.0372
Alle,-11.20065980250897,2.2482123212986883e-20,"{'1%': -3.473829775724492, '5%': -2.880622899711496, '10%': -2.5769448985432954}",-11.574134025223453,3.051584788366963e-21,"{'1%': -3.473829775724492, '5%': -2.880622899711496, '10%': -2.5769448985432954}",0.8617,0.0076,0.0035,0.0113,0.0108,0.0171,0.0005
Alles,-10.729191788203748,3.0102965044664026e-19,"{'1%': -3.473829775724492, '5%': -2.880622899711496, '10%': -2.5769448985432954}",-6.656504880298787,4.968768504477045e-09,"{'1%': -3.474120870218417, '5%': -2.880749791423677, '10%': -2.5770126333102494}",0.2898,0.3734,0.4405,0.116,0.1289,0.0953,0.0711
Als,-10.038902644924928,1.5145991875964152e-17,"{'1%': -3.473829775724492, '5%': -2.880622899711496, '10%': -2.5769448985432954}",-6.285438533322042,3.7079693908793266e-08,"{'1%': -3.4744158894942156, '5%': -2.880878382771059, '10%': -2.577081275821236}",0.3967,0.7532,0.6228,0.7027,0.8494,0.9279,0.9423
Am,-10.561164128928382,7.721806118309312e-19,"{'1%': -3.474120870218417, '5%': -2.880749791423677, '10%': -2.5770126333102494}",-1.7643694681081612,0.3982891626642162,"{'1%': -3.4769274060112707, '5%': -2.8819726324025625, '10%': -2.577665408088415}",0.9416,0.9897,0.8984,0.874,0.86,0.9287,0.9007
Ampel,-1.7155335531714577,0.42312741649266544,"{'1%': -3.4779446621720114, '5%': -2.8824156122448983, '10%': -2.577901887755102}",-9.948830459474946,2.5466926682877782e-17,"{'1%': -3.473829775724492, '5%': -2.880622899711496, '10%': -2.5769448985432954}",0.0,0.0,0.0,0.0,0.0,0.0001,0.0
Amt,-11.501968286967198,4.46903886536133e-21,"{'1%': -3.473829775724492, '5%': -2.880622899711496, '10%': -2.5769448985432954}",-2.567663794403274,0.09986635206828154,"{'1%': -3.4756368462466662, '5%': -2.8814104466172608, '10%': -2.5773652982553568}",0.5425,0.8632,0.9455,0.8057,0.8905,0.9497,0.9859
An,-12.349497755137985,5.868966297935544e-23,"{'1%': -3.473829775724492, '5%': -2.880622899711496, '10%': -2.5769448985432954}",-11.773614568177441,1.0753496894787613e-21,"{'1%': -3.473829775724492, '5%': -2.880622899711496, '10%': -2.5769448985432954}",0.3952,0.5694,0.0008,0.0017,0.0028,0.0003,0.0003
Andrew,-6.9828773713513135,8.106949497849577e-10,"{'1%': -3.473829775724492, '5%': -2.880622899711496, '10%': -2.5769448985432954}",-7.1433595882397345,3.2803323096411185e-10,"{'1%': -3.473829775724492, '5%': -2.880622899711496, '10%': -2.5769448985432954}",0.7848,0.0001,0.0001,0.0003,0.0006,0.0027,0.0051
Anfang,-4.838955896338082,4.578343999727315e-05,"{'1%': -3.474714913481481, '5%': -2.881008708148148, '10%': -2.5771508444444446}",-10.641765079144504,4.909294833567013e-19,"{'1%': -3.473829775724492, '5%': -2.880622899711496, '10%': -2.5769448985432954}",0.9819,0.9978,0.9985,0.987,0.8946,0.8647,0.9231
Angeklagter,-9.631952039275017,1.6034267409281912e-16,"{'1%': -3.473829775724492, '5%': -2.880622899711496, '10%': -2.5769448985432954}",-2.363631528776917,0.15226526775377414,"{'1%': -3.4779446621720114, '5%': -2.8824156122448983, '10%': -2.577901887755102}",0.3201,0.4772,0.3792,0.2478,0.3237,0.3215,0.4488
Angriff,-6.16255666493643,7.115895833280107e-08,"{'1%': -3.474120870218417, '5%': -2.880749791423677, '10%': -2.5770126333102494}",-9.132528826840781,2.9952436492932018e-15,"{'1%': -3.473829775724492, '5%': -2.880622899711496, '10%': -2.5769448985432954}",0.5406,0.3939,0.2213,0.3517,0.2109,0.3674,0.3267
Angst,-10.879298406768221,1.3071615111470364e-19,"{'1%': -3.473829775724492, '5%': -2.880622899711496, '10%': -2.5769448985432954}",-3.1816127529127733,0.021073981636021755,"{'1%': -3.474714913481481, '5%': -2.881008708148148, '10%': -2.5771508444444446}",0.885,0.5961,0.6521,0.8804,0.9234,0.4794,0.0876
Anklage,-1.973125624205459,0.2984794416860385,"{'1%': -3.4756368462466662, '5%': -2.8814104466172608, '10%': -2.5773652982553568}",-2.723091033363636,0.07012703458317257,"{'1%': -3.4756368462466662, '5%': -2.8814104466172608, '10%': -2.5773652982553568}",0.5004,0.1483,0.2718,0.2881,0.2493,0.3255,0.6527
Anschlag,-12.179088006851746,1.364624927646005e-22,"{'1%': -3.473829775724492, '5%': -2.880622899711496, '10%': -2.5769448985432954}",-9.59770851522649,1.9580286208142333e-16,"{'1%': -3.473829775724492, '5%': -2.880622899711496, '10%': -2.5769448985432954}",0.3537,0.658,0.6185,0.6193,0.638,0.7642,0.7719
Anstieg,-4.315989903305066,0.0004167272977916253,"{'1%': -3.474714913481481, '5%': -2.881008708148148, '10%': -2.5771508444444446}",-11.033520473548746,5.590884927958677e-20,"{'1%': -3.473829775724492, '5%': -2.880622899711496, '10%': -2.5769448985432954}",0.3634,0.3688,0.5531,0.6871,0.7658,0.8771,0.9042
Antrag,-4.37103609270785,0.000333896761840886,"{'1%': -3.474714913481481, '5%': -2.881008708148148, '10%': -2.5771508444444446}",-9.927249076306824,2.885048213730752e-17,"{'1%': -3.473829775724492, '5%': -2.880622899711496, '10%': -2.5769448985432954}",0.5084,0.7105,0.8074,0.6144,0.6927,0.706,0.5773
Apple,-2.0565366500385602,0.2623465332794108,"{'1%': -3.4769274060112707, '5%': -2.8819726324025625, '10%': -2.577665408088415}",-12.449699959440203,3.598280451730967e-23,"{'1%': -3.473829775724492, '5%': -2.880622899711496, '10%': -2.5769448985432954}",0.5662,0.5072,0.5111,0.6295,0.7259,0.8801,0.9479
April,-3.0594920276052315,0.029699850723383152,"{'1%': -3.4744158894942156, '5%': -2.880878382771059, '10%': -2.577081275821236}",2.9592583057007227,1.0,"{'1%': -3.4779446621720114, '5%': -2.8824156122448983, '10%': -2.577901887755102}",0.0,0.0009,0.0008,0.0083,0.0112,0.0141,0.0
Arbeit,-2.406335027107211,0.13995637164192326,"{'1%': -3.476273058920005, '5%': -2.881687616548444, '10%': -2.5775132580261593}",-10.590250084321536,6.556054692210117e-19,"{'1%': -3.473829775724492, '5%': -2.880622899711496, '10%': -2.5769448985432954}",0.8667,0.0549,0.1231,0.2117,0.2042,0.3033,0.4212
Arzt,-2.691375107107529,0.07554268064390236,"{'1%': -3.476597917537401, '5%': -2.8818291230495543, '10%': -2.5775887982253085}",-2.588857176434771,0.09532220137305186,"{'1%': -3.476597917537401, '5%': -2.8818291230495543, '10%': -2.5775887982253085}",0.2919,0.3999,0.1935,0.3115,0.4194,0.5345,0.598
Attacke,-6.467033982589624,1.3969623712487269e-08,"{'1%': -3.474120870218417, '5%': -2.880749791423677, '10%': -2.5770126333102494}",-11.968577598457088,3.9471059321233635e-22,"{'1%': -3.473829775724492, '5%': -2.880622899711496, '10%': -2.5769448985432954}",0.4156,0.7334,0.8094,0.9082,0.3835,0.3338,0.2829
Auch,-3.5661695994301703,0.006441720649475672,"{'1%': -3.4744158894942156, '5%': -2.880878382771059, '10%': -2.577081275821236}",-6.1258329241547935,8.633964903675136e-08,"{'1%': -3.474120870218417, '5%': -2.880749791423677, '10%': -2.5770126333102494}",0.8794,0.8391,0.4838,0.3681,0.4011,0.2497,0.2839
Aue,-8.933548879234786,9.669600641225507e-15,"{'1%': -3.473829775724492, '5%': -2.880622899711496, '10%': -2.5769448985432954}",-3.502220260313781,0.007930255825910004,"{'1%': -3.4750180242954167, '5%': -2.8811408028842043, '10%': -2.577221358046935}",0.0503,0.1198,0.259,0.1885,0.3329,0.2853,0.2524
Auf,-4.181167794670852,0.0007089699860120456,"{'1%': -3.4750180242954167, '5%': -2.8811408028842043, '10%': -2.577221358046935}",-3.4234180851511886,0.010185989575607693,"{'1%': -3.4753253063120644, '5%': -2.881274703275226, '10%': -2.5772928360116873}",0.8478,0.3973,0.425,0.6048,0.7694,0.4048,0.4785
Auffahrunfall,-2.6500563648181417,0.08308652643856396,"{'1%': -3.4756368462466662, '5%': -2.8814104466172608, '10%': -2.5773652982553568}",-6.209084999390409,5.564311268916126e-08,"{'1%': -3.4744158894942156, '5%': -2.880878382771059, '10%': -2.577081275821236}",0.3587,0.5837,0.7222,0.8508,0.7803,0.4972,0.543
Aufnahme,-5.484319272515057,2.247709054712016e-06,"{'1%': -3.4744158894942156, '5%': -2.880878382771059, '10%': -2.577081275821236}",-2.016631634602728,0.27932865407097407,"{'1%': -3.477261624048995, '5%': -2.8821181874544233, '10%': -2.5777431104939494}",0.0085,0.0376,0.1161,0.1896,0.2072,0.2886,0.3939
Augsburg,-7.8322699806590945,6.247190231574731e-12,"{'1%': -3.473829775724492, '5%': -2.880622899711496, '10%': -2.5769448985432954}",-2.019784844633802,0.2779660729952924,"{'1%': -3.4756368462466662, '5%': -2.8814104466172608, '10%': -2.5773652982553568}",0.3436,0.206,0.3252,0.4689,0.5734,0.5954,0.6733
Aus,-9.737155065441417,8.688587445711186e-17,"{'1%': -3.473829775724492, '5%': -2.880622899711496, '10%': -2.5769448985432954}",-3.2157567123853266,0.019090544359393107,"{'1%': -3.4750180242954167, '5%': -2.8811408028842043, '10%': -2.577221358046935}",0.705,0.8396,0.9402,0.9158,0.8391,0.6963,0.7697
Ausbau,-3.158402377847928,0.02252234564159925,"{'1%': -3.477261624048995, '5%': -2.8821181874544233, '10%': -2.5777431104939494}",-11.144939543100035,3.042604174092293e-20,"{'1%': -3.473829775724492, '5%': -2.880622899711496, '10%': -2.5769448985432954}",0.2045,0.007,0.0314,0.0529,0.0469,0.0626,0.1887
Ausstellung,-2.6561179621576114,0.08194441776377687,"{'1%': -3.4756368462466662, '5%': -2.8814104466172608, '10%': -2.5773652982553568}",-1.2976862349657878,0.6302301980504135,"{'1%': -3.4779446621720114, '5%': -2.8824156122448983, '10%': -2.577901887755102}",0.0648,0.039,0.0075,0.0134,0.0178,0.0201,0.0449
Australian,-7.008033178677549,7.038785668815599e-10,"{'1%': -3.474120870218417, '5%': -2.880749791423677, '10%': -2.5770126333102494}",-4.026989342501778,0.0012755973603730483,"{'1%': -3.4759527332353084, '5%': -2.881548071241103, '10%': -2.577438765246763}",0.129,0.2545,0.1955,0.312,0.451,0.264,0.2174
Australien,-2.7835236931981697,0.06066610670562459,"{'1%': -3.474714913481481, '5%': -2.881008708148148, '10%': -2.5771508444444446}",-5.627163085317252,1.1106015097214098e-06,"{'1%': -3.474120870218417, '5%': -2.880749791423677, '10%': -2.5770126333102494}",0.0005,0.0083,0.0394,0.0119,0.022,0.0138,0.029
Auto,-11.678302384695007,1.7662273536852857e-21,"{'1%': -3.473829775724492, '5%': -2.880622899711496, '10%': -2.5769448985432954}",-1.2447296909041525,0.6540644290661317,"{'1%': -3.4779446621720114, '5%': -2.8824156122448983, '10%': -2.577901887755102}",0.4896,0.8004,0.9367,0.9148,0.6566,0.7678,0.8206
Autobahn,-11.066859117111822,4.6581610887526414e-20,"{'1%': -3.473829775724492, '5%': -2.880622899711496, '10%': -2.5769448985432954}",-10.1504471303005,7.977047122308474e-18,"{'1%': -3.473829775724492, '5%': -2.880622899711496, '10%': -2.5769448985432954}",0.8971,0.9943,0.9569,0.9004,0.8722,0.8219,0.8326
Autofahrer,-10.508892487277869,1.036849436220321e-18,"{'1%': -3.473829775724492, '5%': -2.880622899711496, '10%': -2.5769448985432954}",-5.927617978450005,2.4226651819208207e-07,"{'1%': -3.474120870218417, '5%': -2.880749791423677, '10%': -2.5770126333102494}",0.8862,0.9381,0.7974,0.775,0.7239,0.2741,0.3643
Autounfall,-4.585073891612963,0.00013760424209326527,"{'1%': -3.4744158894942156, '5%': -2.880878382771059, '10%': -2.577081275821236}",-6.469491202120165,1.378492491374067e-08,"{'1%': -3.474120870218417, '5%': -2.880749791423677, '10%': -2.5770126333102494}",0.178,0.2413,0.2925,0.0147,0.0263,0.0183,0.0017
Baby,-10.361019362867262,2.3964378442544016e-18,"{'1%': -3.473829775724492, '5%': -2.880622899711496, '10%': -2.5769448985432954}",-5.755573611936552,5.830580148929079e-07,"{'1%': -3.4744158894942156, '5%': -2.880878382771059, '10%': -2.577081275821236}",0.6124,0.6279,0.3844,0.2637,0.4071,0.4848,0.5894
Bach,-8.434081733580145,1.836683268358613e-13,"{'1%': -3.473829775724492, '5%': -2.880622899711496, '10%': -2.5769448985432954}",-5.668239945229853,9.04696465691575e-07,"{'1%': -3.474120870218417, '5%': -2.880749791423677, '10%': -2.5770126333102494}",0.9882,0.9024,0.8992,0.9059,0.9369,0.9236,0.7521
Bad,-20.730300018199443,0.0,"{'1%': -3.473829775724492, '5%': -2.880622899711496, '10%': -2.5769448985432954}",-2.711746521269329,0.07202757152953476,"{'1%': -3.4759527332353084, '5%': -2.881548071241103, '10%': -2.577438765246763}",0.6145,0.7197,0.6709,0.6628,0.7746,0.5422,0.5171
Baden-Württemberg,-9.116711920405326,3.2874398062228563e-15,"{'1%': -3.473829775724492, '5%': -2.880622899711496, '10%': -2.5769448985432954}",-9.36314936205806,7.72572072700023e-16,"{'1%': -3.474120870218417, '5%': -2.880749791423677, '10%': -2.5770126333102494}",0.4196,0.3443,0.5126,0.4214,0.4296,0.4612,0.5927
Baerbock,-3.844274691391471,0.0024854595855943514,"{'1%': -3.474120870218417, '5%': -2.880749791423677, '10%': -2.5770126333102494}",-8.861476443687323,1.4788543923752687e-14,"{'1%': -3.473829775724492, '5%': -2.880622899711496, '10%': -2.5769448985432954}",0.7747,0.5969,0.7783,0.5593,0.6618,0.705,0.79
Bahn,-11.587411940112565,2.8453995844896546e-21,"{'1%': -3.473829775724492, '5%': -2.880622899711496, '10%': -2.5769448985432954}",-4.871976755142666,3.952965757498337e-05,"{'1%': -3.4744158894942156, '5%': -2.880878382771059, '10%': -2.577081275821236}",0.6446,0.7022,0.8669,0.9461,0.9898,0.9804,0.963
Bank,-11.902017540233572,5.54660543794434e-22,"{'1%': -3.473829775724492, '5%': -2.880622899711496, '10%': -2.5769448985432954}",-8.988343953859749,7.00115039187512e-15,"{'1%': -3.473829775724492, '5%': -2.880622899711496, '10%': -2.5769448985432954}",0.0001,0.0,0.0001,0.0004,0.0008,0.0024,0.0036
Banken,-12.699507566071153,1.0876266553575708e-23,"{'1%': -3.473829775724492, '5%': -2.880622899711496, '10%': -2.5769448985432954}",-4.740185729630608,7.068022271783652e-05,"{'1%': -3.4744158894942156, '5%': -2.880878382771059, '10%': -2.577081275821236}",0.8367,0.1859,0.2635,0.3483,0.5153,0.6223,0.624
Barcelona,0.14804718155583899,0.9691924774415139,"{'1%': -3.4779446621720114, '5%': -2.8824156122448983, '10%': -2.577901887755102}",-8.30507149100857,3.9236893667909626e-13,"{'1%': -3.473829775724492, '5%': -2.880622899711496, '10%': -2.5769448985432954}",0.0001,0.0011,0.003,0.0071,0.0025,0.002,0.0065
Basketballer,-12.661348609312094,1.3028745490591294e-23,"{'1%': -3.473829775724492, '5%': -2.880622899711496, '10%': -2.5769448985432954}",-5.118376149294339,1.2874005197002468e-05,"{'1%': -3.4744158894942156, '5%': -2.880878382771059, '10%': -2.577081275821236}",0.2421,0.123,0.0971,0.1535,0.2257,0.3267,0.3996
Baum,-2.214130548086811,0.20115691442930567,"{'1%': -3.476273058920005, '5%': -2.881687616548444, '10%': -2.5775132580261593}",-8.834703688025856,1.7317294020259384e-14,"{'1%': -3.473829775724492, '5%': -2.880622899711496, '10%': -2.5769448985432954}",0.9703,0.6588,0.7711,0.5665,0.11,0.1459,0.0642
Bayern,-4.348077916960575,0.0003663459249180385,"{'1%': -3.4744158894942156, '5%': -2.880878382771059, '10%': -2.577081275821236}",-4.906076770778723,3.393686836862857e-05,"{'1%': -3.474120870218417, '5%': -2.880749791423677, '10%': -2.5770126333102494}",0.8276,0.3381,0.4961,0.4883,0.7582,0.8373,0.1191
Behörden,-11.241364859250018,1.8036734604042275e-20,"{'1%': -3.473829775724492, '5%': -2.880622899711496, '10%': -2.5769448985432954}",-5.4337857574319886,2.875531589623877e-06,"{'1%': -3.4744158894942156, '5%': -2.880878382771059, '10%': -2.577081275821236}",0.7871,0.7092,0.4788,0.6492,0.748,0.6526,0.7901
Bei,-12.123672220958944,1.8010909734740835e-22,"{'1%': -3.473829775724492, '5%': -2.880622899711496, '10%': -2.5769448985432954}",-7.357614040219464,9.687125538915759e-11,"{'1%': -3.474120870218417, '5%': -2.880749791423677, '10%': -2.5770126333102494}",0.7655,0.6975,0.6625,0.7973,0.4814,0.4684,0.1951
Belarus,-2.3726098231954165,0.14961676402566815,"{'1%': -3.476597917537401, '5%': -2.8818291230495543, '10%': -2.5775887982253085}",-4.138357529921536,0.0008363981448914171,"{'1%': -3.4744158894942156, '5%': -2.880878382771059, '10%': -2.577081275821236}",0.0001,0.001,0.0004,0.0001,0.0,0.0,0.0
Bericht,-4.134762658096116,0.0008480233699718775,"{'1%': -3.4769274060112707, '5%': -2.8819726324025625, '10%': -2.577665408088415}",-10.105455449962959,1.0328004576975723e-17,"{'1%': -3.473829775724492, '5%': -2.880622899711496, '10%': -2.5769448985432954}",0.6769,0.2729,0.133,0.1689,0.226,0.3102,0.3046
Berlin,-3.203902725384187,0.019759882649742072,"{'1%': -3.4756368462466662, '5%': -2.8814104466172608, '10%': -2.5773652982553568}",-1.9059754041340553,0.3292553346259577,"{'1%': -3.4756368462466662, '5%': -2.8814104466172608, '10%': -2.5773652982553568}",0.2223,0.259,0.1858,0.3778,0.5225,0.1723,0.5631
Berlinale,-2.924695655556922,0.042550675914799545,"{'1%': -3.4759527332353084, '5%': -2.881548071241103, '10%': -2.577438765246763}",-3.601264221173514,0.005736904500772039,"{'1%': -3.4759527332353084, '5%': -2.881548071241103, '10%': -2.577438765246763}",0.0007,0.0902,0.013,0.0162,0.0093,0.0037,0.0008
Berliner,-5.988546899614987,1.7681284827686345e-07,"{'1%': -3.473829775724492, '5%': -2.880622899711496, '10%': -2.5769448985432954}",-10.336251025014377,2.7590126549824948e-18,"{'1%': -3.473829775724492, '5%': -2.880622899711496, '10%': -2.5769448985432954}",0.0496,0.1034,0.1151,0.1972,0.1508,0.1571,0.2344
Beschäftigte,-3.429687719711279,0.009987504639075268,"{'1%': -3.4753253063120644, '5%': -2.881274703275226, '10%': -2.5772928360116873}",-3.1313524977074896,0.024318301214553754,"{'1%': -3.4759527332353084, '5%': -2.881548071241103, '10%': -2.577438765246763}",0.7127,0.8506,0.8773,0.7572,0.4854,0.4769,0.1503
Besuch,-3.58875239242937,0.005979734614045795,"{'1%': -3.4744158894942156, '5%': -2.880878382771059, '10%': -2.577081275821236}",-3.482133496517308,0.00845797598510804,"{'1%': -3.474714913481481, '5%': -2.881008708148148, '10%': -2.5771508444444446}",0.2352,0.3212,0.463,0.4661,0.5892,0.4576,0.5675
Betrieb,-2.8289894972337963,0.05425065380611037,"{'1%': -3.4776006742422374, '5%': -2.882265832283648, '10%': -2.5778219289774156}",-3.402692966040647,0.010867410438742134,"{'1%': -3.4753253063120644, '5%': -2.881274703275226, '10%': -2.5772928360116873}",0.9643,0.6979,0.4083,0.2132,0.1656,0.1394,0.1226
Betrug,-4.17016344049001,0.0007398602207394662,"{'1%': -3.474120870218417, '5%': -2.880749791423677, '10%': -2.5770126333102494}",-12.28597536065466,8.024474557820324e-23,"{'1%': -3.473829775724492, '5%': -2.880622899711496, '10%': -2.5769448985432954}",0.7874,0.791,0.9225,0.7895,0.6965,0.5865,0.3865
Bewohner,-12.532853412511725,2.4072115205270646e-23,"{'1%': -3.473829775724492, '5%': -2.880622899711496, '10%': -2.5769448985432954}",-2.8050019055996303,0.05756282600890591,"{'1%': -3.4756368462466662, '5%': -2.8814104466172608, '10%': -2.5773652982553568}",0.0856,0.1294,0.1807,0.164,0.1994,0.3105,0.3239
Biden,-2.551550280741591,0.10342988351414906,"{'1%': -3.4750180242954167, '5%': -2.8811408028842043, '10%': -2.577221358046935}",-9.360689191413602,7.838011941064558e-16,"{'1%': -3.473829775724492, '5%': -2.880622899711496, '10%': -2.5769448985432954}",0.4714,0.6291,0.641,0.441,0.3897,0.4093,0.4364
Bielefeld,-8.160384826807642,9.177533236483413e-13,"{'1%': -3.474120870218417, '5%': -2.880749791423677, '10%': -2.5770126333102494}",-3.1694504388930396,0.021822517442428174,"{'1%': -3.4753253063120644, '5%': -2.881274703275226, '10%': -2.5772928360116873}",0.2708,0.3198,0.4863,0.5984,0.1469,0.2776,0.3256
Bilanz,-2.8149506470030383,0.05616970595146749,"{'1%': -3.476273058920005, '5%': -2.881687616548444, '10%': -2.5775132580261593}",-10.61434185394758,5.725993018127253e-19,"{'1%': -3.473829775724492, '5%': -2.880622899711496, '10%': -2.5769448985432954}",0.1651,0.3395,0.5108,0.2251,0.2749,0.3834,0.5884
Bild,-4.468092228973984,0.00022445982339979893,"{'1%': -3.4744158894942156, '5%': -2.880878382771059, '10%': -2.577081275821236}",-11.72827578249201,1.36094993426691e-21,"{'1%': -3.473829775724492, '5%': -2.880622899711496, '10%': -2.5769448985432954}",0.127,0.3065,0.4135,0.5188,0.5729,0.329,0.358
Bilder,-10.734362856177997,2.9246742853265177e-19,"{'1%': -3.473829775724492, '5%': -2.880622899711496, '10%': -2.5769448985432954}",-2.1852727623216985,0.21163394786799822,"{'1%': -3.4782936965183815, '5%': -2.882567574015525, '10%': -2.5779830117488745}",0.4664,0.2463,0.2172,0.3123,0.3908,0.3626,0.3691
Bis,-8.711767753000103,3.5752366965657126e-14,"{'1%': -3.474120870218417, '5%': -2.880749791423677, '10%': -2.5770126333102494}",-3.226409947293444,0.018505967177150764,"{'1%': -3.4753253063120644, '5%': -2.881274703275226, '10%': -2.5772928360116873}",0.377,0.6101,0.6662,0.5634,0.7233,0.5101,0.6229
Bischof,-3.300766399142147,0.01484425116733321,"{'1%': -3.4744158894942156, '5%': -2.880878382771059, '10%': -2.577081275821236}",-9.752504843143939,7.946697591096854e-17,"{'1%': -3.473829775724492, '5%': -2.880622899711496, '10%': -2.5769448985432954}",0.0812,0.0841,0.0134,0.0328,0.0479,0.028,0.0288
Blick,-10.787925788378583,2.1701221561201145e-19,"{'1%': -3.473829775724492, '5%': -2.880622899711496, '10%': -2.5769448985432954}",-9.352220838565806,8.237203928968897e-16,"{'1%': -3.473829775724492, '5%': -2.880622899711496, '10%': -2.5769448985432954}",0.4233,0.2307,0.1351,0.1581,0.2354,0.2084,0.3389
Bochum,-10.629817748793963,5.249567026246462e-19,"{'1%': -3.473829775724492, '5%': -2.880622899711496, '10%': -2.5769448985432954}",-9.85655250736742,4.344029346291362e-17,"{'1%': -3.473829775724492, '5%': -2.880622899711496, '10%': -2.5769448985432954}",0.3527,0.5803,0.5798,0.5813,0.5704,0.6887,0.8172
Booster,-5.148397702603663,1.11952881806526e-05,"{'1%': -3.4779446621720114, '5%': -2.8824156122448983, '10%': -2.577901887755102}",-5.752529075226604,5.921007726573482e-07,"{'1%': -3.474120870218417, '5%': -2.880749791423677, '10%': -2.5770126333102494}",0.9464,0.24,0.2946,0.4538,0.5401,0.6278,0.6173
Boris,-1.8329244588851044,0.3642424200843652,"{'1%': -3.4759527332353084, '5%': -2.881548071241103, '10%': -2.577438765246763}",-9.57164428968692,2.279876145045826e-16,"{'1%': -3.473829775724492, '5%': -2.880622899711496, '10%': -2.5769448985432954}",0.9986,0.6949,0.4717,0.5012,0.6258,0.6234,0.5126
Brand,-1.639856120186866,0.4623359752116142,"{'1%': -3.4776006742422374, '5%': -2.882265832283648, '10%': -2.5778219289774156}",-2.7456807006402366,0.06646154936475132,"{'1%': -3.474714913481481, '5%': -2.881008708148148, '10%': -2.5771508444444446}",0.0063,0.022,0.1053,0.2069,0.297,0.5008,0.572
Brandenburg,-2.6396615894583046,0.08507390303066337,"{'1%': -3.476273058920005, '5%': -2.881687616548444, '10%': -2.5775132580261593}",-1.4825075525905342,0.5421461751097705,"{'1%': -3.4779446621720114, '5%': -2.8824156122448983, '10%': -2.577901887755102}",0.9577,0.0999,0.0713,0.1478,0.2204,0.0955,0.073
Brandenburger,-13.459823150742452,3.547932759503759e-25,"{'1%': -3.473829775724492, '5%': -2.880622899711496, '10%': -2.5769448985432954}",-10.150782945928738,7.961696741544651e-18,"{'1%': -3.473829775724492, '5%': -2.880622899711496, '10%': -2.5769448985432954}",0.4992,0.7502,0.9084,0.9538,0.9862,0.9393,0.9306
Brandstiftung,-9.375301921265686,7.194260218665963e-16,"{'1%': -3.473829775724492, '5%': -2.880622899711496, '10%': -2.5769448985432954}",-10.514747073979347,1.003143580125911e-18,"{'1%': -3.473829775724492, '5%': -2.880622899711496, '10%': -2.5769448985432954}",0.092,0.1852,0.3013,0.1599,0.2768,0.3163,0.3516
Bremen,-3.181647673111503,0.021071864957471268,"{'1%': -3.4753253063120644, '5%': -2.881274703275226, '10%': -2.5772928360116873}",-2.1010935640369977,0.24407510133581856,"{'1%': -3.476273058920005, '5%': -2.881687616548444, '10%': -2.5775132580261593}",0.5229,0.9916,0.9771,0.9719,0.9898,0.9928,0.9931
Brücke,-8.079202264144554,1.47701031411905e-12,"{'1%': -3.473829775724492, '5%': -2.880622899711496, '10%': -2.5769448985432954}",-3.6543822732207376,0.004802533876583702,"{'1%': -3.4750180242954167, '5%': -2.8811408028842043, '10%': -2.577221358046935}",0.7068,0.8736,0.8002,0.801,0.2911,0.2987,0.3953
Bund,-11.282935482035873,1.441203030479357e-20,"{'1%': -3.473829775724492, '5%': -2.880622899711496, '10%': -2.5769448985432954}",-9.026998876631612,5.575310685548995e-15,"{'1%': -3.473829775724492, '5%': -2.880622899711496, '10%': -2.5769448985432954}",0.4198,0.5631,0.3864,0.3093,0.3373,0.5419,0.7752
Bundesliga,-3.797156435823968,0.0029365427325459183,"{'1%': -3.476273058920005, '5%': -2.881687616548444, '10%': -2.5775132580261593}",-13.052388213275737,2.1287688412138708e-24,"{'1%': -3.473829775724492, '5%': -2.880622899711496, '10%': -2.5769448985432954}",0.671,0.0718,0.2049,0.252,0.2624,0.2335,0.3154
Bundesregierung,-3.3580345917770718,0.012475418366930075,"{'1%': -3.4750180242954167, '5%': -2.8811408028842043, '10%': -2.577221358046935}",-12.144434274433808,1.6229461249348086e-22,"{'1%': -3.473829775724492, '5%': -2.880622899711496, '10%': -2.5769448985432954}",0.2003,0.4976,0.7389,0.8738,0.9366,0.9596,0.7417
Bundestag,-3.5232912762746262,0.007408689533261492,"{'1%': -3.4750180242954167, '5%': -2.8811408028842043, '10%': -2.577221358046935}",-8.074944470785733,1.5143038587283845e-12,"{'1%': -3.474120870218417, '5%': -2.880749791423677, '10%': -2.5770126333102494}",0.3955,0.2,0.094,0.1421,0.2306,0.2483,0.1365
Bundeswehr,-3.975593768180064,0.0015438418240147555,"{'1%': -3.474714913481481, '5%': -2.881008708148148, '10%': -2.5771508444444446}",-3.18439576664489,0.020905867881977683,"{'1%': -3.4750180242954167, '5%': -2.8811408028842043, '10%': -2.577221358046935}",0.0,0.0,0.0,0.0,0.0,0.0,0.0
Bus,-9.29250194959733,1.169513920636558e-15,"{'1%': -3.473829775724492, '5%': -2.880622899711496, '10%': -2.5769448985432954}",-9.61128488821732,1.808877220574342e-16,"{'1%': -3.473829775724492, '5%': -2.880622899711496, '10%': -2.5769448985432954}",0.4688,0.0994,0.2075,0.375,0.2867,0.4555,0.6797
Butscha,-3.7849302448714104,0.0030653167580712913,"{'1%': -3.4753253063120644, '5%': -2.881274703275226, '10%': -2.5772928360116873}",132.31510325630296,1.0,"{'1%': -3.4759527332353084, '5%': -2.881548071241103, '10%': -2.577438765246763}",0.0,0.0,0.0,0.0,0.0,0.0,0.4557
Bäume,-12.899200717609158,4.2838277958035216e-24,"{'1%': -3.473829775724492, '5%': -2.880622899711496, '10%': -2.5769448985432954}",-5.245274372155812,7.1015367260460525e-06,"{'1%': -3.474120870218417, '5%': -2.880749791423677, '10%': -2.5770126333102494}",0.4694,0.6476,0.399,0.4818,0.2505,0.2303,0.3137
Bürger,-2.85789319726813,0.05046812246696551,"{'1%': -3.476597917537401, '5%': -2.8818291230495543, '10%': -2.5775887982253085}",-12.832297039275975,5.8386765156762266e-24,"{'1%': -3.473829775724492, '5%': -2.880622899711496, '10%': -2.5769448985432954}",0.6223,0.3809,0.3945,0.4257,0.1269,0.0704,0.0235
Bürgermeister,-1.539253929168229,0.5140113996505707,"{'1%': -3.4779446621720114, '5%': -2.8824156122448983, '10%': -2.577901887755102}",-2.1089293977724335,0.24093923835373177,"{'1%': -3.4756368462466662, '5%': -2.8814104466172608, '10%': -2.5773652982553568}",0.7036,0.3465,0.4492,0.5557,0.7477,0.8208,0.0016
Champions,-10.456622116943397,1.3932819574301457e-18,"{'1%': -3.473829775724492, '5%': -2.880622899711496, '10%': -2.5769448985432954}",-10.322540535615094,2.9829982613410533e-18,"{'1%': -3.473829775724492, '5%': -2.880622899711496, '10%': -2.5769448985432954}",0.7634,0.9417,0.9471,0.6375,0.7221,0.6935,0.8111
Chance,-2.422248635749656,0.13555510245711955,"{'1%': -3.4776006742422374, '5%': -2.882265832283648, '10%': -2.5778219289774156}",-9.742959470549295,8.400196905154546e-17,"{'1%': -3.473829775724492, '5%': -2.880622899711496, '10%': -2.5769448985432954}",0.8508,0.0045,0.0047,0.007,0.0116,0.0208,0.0256
Chef,-9.698268541118573,1.0894871572219617e-16,"{'1%': -3.473829775724492, '5%': -2.880622899711496, '10%': -2.5769448985432954}",-2.4861928085255247,0.11887000832717803,"{'1%': -3.476273058920005, '5%': -2.881687616548444, '10%': -2.5775132580261593}",0.7957,0.7671,0.8293,0.9124,0.9325,0.8895,0.886
Chelsea,-4.248146680619655,0.0005455879002133004,"{'1%': -3.474714913481481, '5%': -2.881008708148148, '10%': -2.5771508444444446}",-9.03868655773996,5.204408496316423e-15,"{'1%': -3.473829775724492, '5%': -2.880622899711496, '10%': -2.5769448985432954}",0.8376,0.9412,0.1585,0.3417,0.5444,0.6324,0.6956
Chemnitz,-5.366843682776883,3.974876099200542e-06,"{'1%': -3.474120870218417, '5%': -2.880749791423677, '10%': -2.5770126333102494}",-4.684599646653876,8.994083304131958e-05,"{'1%': -3.4744158894942156, '5%': -2.880878382771059, '10%': -2.577081275821236}",0.1033,0.1476,0.3531,0.3329,0.3243,0.2821,0.4101
China,-2.4930154306336862,0.11718300826222988,"{'1%': -3.4744158894942156, '5%': -2.880878382771059, '10%': -2.577081275821236}",-10.070867028339178,1.2600387887614385e-17,"{'1%': -3.473829775724492, '5%': -2.880622899711496, '10%': -2.5769448985432954}",0.161,0.3789,0.5315,0.5227,0.4986,0.538,0.4196
Christian,-7.399563033730735,7.618294257501873e-11,"{'1%': -3.473829775724492, '5%': -2.880622899711496, '10%': -2.5769448985432954}",-11.413563369148305,7.15246642392885e-21,"{'1%': -3.473829775724492, '5%': -2.880622899711496, '10%': -2.5769448985432954}",0.6939,0.9157,0.131,0.2322,0.3643,0.2713,0.4149
City,-6.624272486927036,5.9302247777272965e-09,"{'1%': -3.473829775724492, '5%': -2.880622899711496, '10%': -2.5769448985432954}",-10.041866592814728,1.4889621695998056e-17,"{'1%': -3.474120870218417, '5%': -2.880749791423677, '10%': -2.5770126333102494}",0.8487,0.3616,0.0209,0.0395,0.0329,0.0132,0.0278
Coach,-2.221775209569933,0.19843744139610886,"{'1%': -3.4756368462466662, '5%': -2.8814104466172608, '10%': -2.5773652982553568}",-1.6870815353043933,0.4377804481274688,"{'1%': -3.4759527332353084, '5%': -2.881548071241103, '10%': -2.577438765246763}",0.8204,0.7,0.0712,0.1779,0.2732,0.1909,0.2234
Comeback,-8.340739689921184,3.181277127066145e-13,"{'1%': -3.4744158894942156, '5%': -2.880878382771059, '10%': -2.577081275821236}",-10.342394162695287,2.6642281514517484e-18,"{'1%': -3.473829775724492, '5%': -2.880622899711496, '10%': -2.5769448985432954}",0.1571,0.3738,0.4317,0.4198,0.5482,0.5349,0.2643
Corona,-2.4617243394837205,0.12506706340818963,"{'1%': -3.473829775724492, '5%': -2.880622899711496, '10%': -2.5769448985432954}",-2.6522367987882647,0.08267427523297205,"{'1%': -3.4756368462466662, '5%': -2.8814104466172608, '10%': -2.5773652982553568}",0.1391,0.1315,0.2272,0.4454,0.3999,0.5833,0.7906
Corona-Pandemie,-0.9563989782777175,0.7688329145522437,"{'1%': -3.4759527332353084, '5%': -2.881548071241103, '10%': -2.577438765246763}",-5.345141273381552,4.41196463674315e-06,"{'1%': -3.4744158894942156, '5%': -2.880878382771059, '10%': -2.577081275821236}",0.9582,0.1945,0.0553,0.0208,0.0399,0.0788,0.1305
Coronakrise,-10.409092356622548,1.823907377653371e-18,"{'1%': -3.473829775724492, '5%': -2.880622899711496, '10%': -2.5769448985432954}",-4.080234230078333,0.001044006677637612,"{'1%': -3.4753253063120644, '5%': -2.881274703275226, '10%': -2.5772928360116873}",0.0327,0.0658,0.1146,0.0677,0.0656,0.1832,0.1002
Coronapandemie,-7.143685062069249,3.274292121975572e-10,"{'1%': -3.474120870218417, '5%': -2.880749791423677, '10%': -2.5770126333102494}",-3.4094062164809253,0.01064236336598052,"{'1%': -3.4759527332353084, '5%': -2.881548071241103, '10%': -2.577438765246763}",0.1641,0.1163,0.101,0.0803,0.0957,0.1249,0.0771
Coronavirus,-1.9158361300152622,0.3246483593177659,"{'1%': -3.474120870218417, '5%': -2.880749791423677, '10%': -2.5770126333102494}",-3.283135585236397,0.015649351189200432,"{'1%': -3.4756368462466662, '5%': -2.8814104466172608, '10%': -2.5773652982553568}",0.8678,0.1559,0.285,0.3756,0.2992,0.2067,0.2847
Covid-19,-4.442358199044635,0.00024958138475165406,"{'1%': -3.4744158894942156, '5%': -2.880878382771059, '10%': -2.577081275821236}",-7.624159544824617,2.090100392309957e-11,"{'1%': -3.474120870218417, '5%': -2.880749791423677, '10%': -2.5770126333102494}",0.7609,0.457,0.61,0.6862,0.7208,0.7456,0.6493
Da,-13.26162557906642,8.37580166394859e-25,"{'1%': -3.473829775724492, '5%': -2.880622899711496, '10%': -2.5769448985432954}",-13.15318730975614,1.3537887353237319e-24,"{'1%': -3.473829775724492, '5%': -2.880622899711496, '10%': -2.5769448985432954}",0.9409,0.4689,0.0944,0.0913,0.0385,0.0407,0.0621
Darmstadt,-2.8136167471588616,0.056354883690362415,"{'1%': -3.4756368462466662, '5%': -2.8814104466172608, '10%': -2.5773652982553568}",-3.235179649877885,0.018036539305401018,"{'1%': -3.4756368462466662, '5%': -2.8814104466172608, '10%': -2.5773652982553568}",0.0916,0.0349,0.1421,0.1651,0.0961,0.1043,0.2375
Daten,-2.357931309369372,0.15396359000812643,"{'1%': -3.476273058920005, '5%': -2.881687616548444, '10%': -2.5775132580261593}",-11.521098564190561,4.0383164844988984e-21,"{'1%': -3.473829775724492, '5%': -2.880622899711496, '10%': -2.5769448985432954}",0.5888,0.8254,0.934,0.9633,0.9763,0.9845,0.8002
Dax,-2.6996010923147176,0.0741073229318603,"{'1%': -3.4756368462466662, '5%': -2.8814104466172608, '10%': -2.5773652982553568}",-1.83146326075268,0.36495668749314797,"{'1%': -3.4782936965183815, '5%': -2.882567574015525, '10%': -2.5779830117488745}",0.159,0.0411,0.02,0.0398,0.045,0.0601,0.1742
Debatte,-9.277263244829554,1.279005687054131e-15,"{'1%': -3.473829775724492, '5%': -2.880622899711496, '10%': -2.5769448985432954}",-3.2311937094494816,0.018248593890154263,"{'1%': -3.4756368462466662, '5%': -2.8814104466172608, '10%': -2.5773652982553568}",0.3316,0.6524,0.8549,0.8323,0.7257,0.9062,0.8581
Demo,-4.245493295352036,0.0005513214706376727,"{'1%': -3.4750180242954167, '5%': -2.8811408028842043, '10%': -2.577221358046935}",-2.313555106584746,0.16763344200763036,"{'1%': -3.476273058920005, '5%': -2.881687616548444, '10%': -2.5775132580261593}",0.2503,0.3936,0.5315,0.4169,0.6694,0.7778,0.8285
Demos,-2.243472362198417,0.19084734049928498,"{'1%': -3.4756368462466662, '5%': -2.8814104466172608, '10%': -2.5773652982553568}",-2.7846901202802377,0.06049417297153794,"{'1%': -3.4753253063120644, '5%': -2.881274703275226, '10%': -2.5772928360116873}",0.4549,0.2906,0.4707,0.5708,0.885,0.9569,0.9305
Derby,-2.984965733529137,0.036322465273696626,"{'1%': -3.476273058920005, '5%': -2.881687616548444, '10%': -2.5775132580261593}",-5.326866852118111,4.81590602475236e-06,"{'1%': -3.474120870218417, '5%': -2.880749791423677, '10%': -2.5770126333102494}",0.9654,0.4823,0.5046,0.4945,0.5838,0.5405,0.4524
Deutlich,-12.732462957113569,9.311767914570312e-24,"{'1%': -3.473829775724492, '5%': -2.880622899711496, '10%': -2.5769448985432954}",-12.048511438344411,2.6305050903818614e-22,"{'1%': -3.473829775724492, '5%': -2.880622899711496, '10%': -2.5769448985432954}",0.3473,0.5628,0.6256,0.7913,0.5702,0.6871,0.0792
Deutsche,-3.738433932250989,0.0036039011016645176,"{'1%': -3.474120870218417, '5%': -2.880749791423677, '10%': -2.5770126333102494}",-2.179495862478058,0.21377125551441184,"{'1%': -3.4759527332353084, '5%': -2.881548071241103, '10%': -2.577438765246763}",0.0004,0.002,0.0131,0.0433,0.0924,0.0613,0.104
Deutscher,-3.020985212389651,0.03298057880673772,"{'1%': -3.4753253063120644, '5%': -2.881274703275226, '10%': -2.5772928360116873}",-5.184293610908625,9.464983789654468e-06,"{'1%': -3.4750180242954167, '5%': -2.8811408028842043, '10%': -2.577221358046935}",0.6534,0.8381,0.6498,0.7272,0.9159,0.9333,0.7774
Deutschland,-3.01225840807503,0.03376536948068188,"{'1%': -3.4744158894942156, '5%': -2.880878382771059, '10%': -2.577081275821236}",-1.1610641769699566,0.6901167806526425,"{'1%': -3.476597917537401, '5%': -2.8818291230495543, '10%': -2.5775887982253085}",0.017,0.0835,0.1666,0.2604,0.2118,0.3174,0.5793
Dienstag,-1.428487231597927,0.5685453767157462,"{'1%': -3.4779446621720114, '5%': -2.8824156122448983, '10%': -2.577901887755102}",-2.534926640945529,0.10720587827939482,"{'1%': -3.4779446621720114, '5%': -2.8824156122448983, '10%': -2.577901887755102}",0.5509,0.7307,0.1883,0.3035,0.2283,0.1835,0.0106
Djokovic,-3.628336949330334,0.005241830887745802,"{'1%': -3.474120870218417, '5%': -2.880749791423677, '10%': -2.5770126333102494}",-3.7889186771642946,0.0030227481722567137,"{'1%': -3.4759527332353084, '5%': -2.881548071241103, '10%': -2.577438765246763}",0.1382,0.0069,0.0001,0.0004,0.0015,0.0033,0.0001
Dollar,-8.701179417293458,3.805573107946683e-14,"{'1%': -3.473829775724492, '5%': -2.880622899711496, '10%': -2.5769448985432954}",-7.881743593872574,4.682906685092536e-12,"{'1%': -3.474714913481481, '5%': -2.881008708148148, '10%': -2.5771508444444446}",0.4295,0.5381,0.6677,0.0106,0.0067,0.0157,0.0151
Donnerstag,-2.8292014691609504,0.05422209349805274,"{'1%': -3.4782936965183815, '5%': -2.882567574015525, '10%': -2.5779830117488745}",-1.4939043691673393,0.5365245762875247,"{'1%': -3.4782936965183815, '5%': -2.882567574015525, '10%': -2.5779830117488745}",0.9929,0.6761,0.5547,0.1412,0.2555,0.1197,0.0669
Dortmund,-10.431750251992659,1.6040296049112548e-18,"{'1%': -3.473829775724492, '5%': -2.880622899711496, '10%': -2.5769448985432954}",-11.419105120053267,6.944042126121655e-21,"{'1%': -3.473829775724492, '5%': -2.880622899711496, '10%': -2.5769448985432954}",0.2301,0.3481,0.5379,0.7047,0.8164,0.4431,0.3671
Drei,-12.291585458733445,7.805170458843484e-23,"{'1%': -3.473829775724492, '5%': -2.880622899711496, '10%': -2.5769448985432954}",-3.7686379970265484,0.0032449908864174777,"{'1%': -3.4744158894942156, '5%': -2.880878382771059, '10%': -2.577081275821236}",0.6752,0.1045,0.2472,0.1391,0.105,0.1099,0.0634
Dresden,-6.170214997550032,6.834073121974194e-08,"{'1%': -3.4744158894942156, '5%': -2.880878382771059, '10%': -2.577081275821236}",-4.934544534265119,2.9858566179449062e-05,"{'1%': -3.4744158894942156, '5%': -2.880878382771059, '10%': -2.577081275821236}",0.2536,0.3975,0.7113,0.8639,0.8884,0.8687,0.9273
Dresdner,-11.58780993377164,2.8394425394438487e-21,"{'1%': -3.473829775724492, '5%': -2.880622899711496, '10%': -2.5769448985432954}",-4.949277216804615,2.7937589561720997e-05,"{'1%': -3.474120870218417, '5%': -2.880749791423677, '10%': -2.5770126333102494}",0.7205,0.0303,0.0369,0.0678,0.0991,0.0877,0.1377
Drogen,-4.445556685867459,0.00024631966473856833,"{'1%': -3.4744158894942156, '5%': -2.880878382771059, '10%': -2.577081275821236}",-4.990403903133807,2.3184399995034982e-05,"{'1%': -3.4744158894942156, '5%': -2.880878382771059, '10%': -2.577081275821236}",0.4294,0.6358,0.7466,0.8515,0.8145,0.7764,0.6113
Druck,-9.312645677184351,1.0390629876972024e-15,"{'1%': -3.473829775724492, '5%': -2.880622899711496, '10%': -2.5769448985432954}",-7.015177847953728,6.761674522987554e-10,"{'1%': -3.474120870218417, '5%': -2.880749791423677, '10%': -2.5770126333102494}",0.1964,0.1326,0.2664,0.4459,0.6018,0.7088,0.7772
Duell,-10.312843115662739,3.1524073068221527e-18,"{'1%': -3.473829775724492, '5%': -2.880622899711496, '10%': -2.5769448985432954}",-2.9005557257529464,0.04528341228296755,"{'1%': -3.4756368462466662, '5%': -2.8814104466172608, '10%': -2.5773652982553568}",0.1769,0.3134,0.2909,0.3626,0.2897,0.2829,0.4987
Dynamo,-3.2623363924720783,0.01664830481195875,"{'1%': -3.476597917537401, '5%': -2.8818291230495543, '10%': -2.5775887982253085}",-4.895226289703068,3.562824731369729e-05,"{'1%': -3.4744158894942156, '5%': -2.880878382771059, '10%': -2.577081275821236}",0.9004,0.4875,0.7265,0.734,0.4532,0.5034,0.6241
Dänemark,-2.733421241452087,0.06843132699860753,"{'1%': -3.4750180242954167, '5%': -2.8811408028842043, '10%': -2.577221358046935}",-1.7712621840887715,0.3948196397878321,"{'1%': -3.4782936965183815, '5%': -2.882567574015525, '10%': -2.5779830117488745}",0.5113,0.3595,0.5194,0.6936,0.664,0.7991,0.8038
Düsseldorf,-3.057045353131455,0.029899695195162487,"{'1%': -3.476273058920005, '5%': -2.881687616548444, '10%': -2.5775132580261593}",-3.7981112640843415,0.002926698453652409,"{'1%': -3.474714913481481, '5%': -2.881008708148148, '10%': -2.5771508444444446}",0.4133,0.3948,0.2844,0.4383,0.2555,0.3492,0.4306
Ehefrau,-12.713180265949951,1.019682799325154e-23,"{'1%': -3.473829775724492, '5%': -2.880622899711496, '10%': -2.5769448985432954}",-10.196197289126188,6.137335512392339e-18,"{'1%': -3.473829775724492, '5%': -2.880622899711496, '10%': -2.5769448985432954}",0.9456,0.9613,0.9729,0.9709,0.9724,0.1408,0.0844
Einbrecher,-7.483312436212743,4.709700965314849e-11,"{'1%': -3.474120870218417, '5%': -2.880749791423677, '10%': -2.5770126333102494}",-4.5019367330713616,0.00019506145627120388,"{'1%': -3.474714913481481, '5%': -2.881008708148148, '10%': -2.5771508444444446}",0.7076,0.6562,0.6909,0.7763,0.8592,0.8686,0.8772
Einbruch,-6.308079534723085,3.285753353478654e-08,"{'1%': -3.474120870218417, '5%': -2.880749791423677, '10%': -2.5770126333102494}",-11.86817919985126,6.599065557536939e-22,"{'1%': -3.473829775724492, '5%': -2.880622899711496, '10%': -2.5769448985432954}",0.1289,0.0911,0.1105,0.1613,0.2627,0.1704,0.0171
Eine,-13.08036657791938,1.8763030321879605e-24,"{'1%': -3.473829775724492, '5%': -2.880622899711496, '10%': -2.5769448985432954}",-6.477133869463896,1.3225702276677594e-08,"{'1%': -3.474120870218417, '5%': -2.880749791423677, '10%': -2.5770126333102494}",0.8516,0.8577,0.8786,0.923,0.9726,0.9575,0.9606
Einfamilienhaus,-2.8429920872951757,0.05239021730324958,"{'1%': -3.476597917537401, '5%': -2.8818291230495543, '10%': -2.5775887982253085}",-13.041650425428687,2.234720073513292e-24,"{'1%': -3.473829775724492, '5%': -2.880622899711496, '10%': -2.5769448985432954}",0.4126,0.5502,0.4773,0.6158,0.4775,0.6067,0.741
Einsatz,-7.474003989238024,4.968709192869386e-11,"{'1%': -3.474120870218417, '5%': -2.880749791423677, '10%': -2.5770126333102494}",-2.543277318151164,0.10529632904158465,"{'1%': -3.4756368462466662, '5%': -2.8814104466172608, '10%': -2.5773652982553568}",0.9629,0.8452,0.9705,0.9748,0.9581,0.9874,0.9892
Eintracht,-8.219728569109648,6.478410422326586e-13,"{'1%': -3.473829775724492, '5%': -2.880622899711496, '10%': -2.5769448985432954}",-2.6359876310035655,0.08578509248597233,"{'1%': -3.4756368462466662, '5%': -2.8814104466172608, '10%': -2.5773652982553568}",0.9431,0.2692,0.4,0.5555,0.6755,0.7394,0.6489
Einzelhandel,-3.6433646776418644,0.004984100927776607,"{'1%': -3.4750180242954167, '5%': -2.8811408028842043, '10%': -2.577221358046935}",-2.0556261670870692,0.2627275822702576,"{'1%': -3.4759527332353084, '5%': -2.881548071241103, '10%': -2.577438765246763}",0.2835,0.5152,0.0614,0.1176,0.1585,0.2258,0.3708
Elf,-5.801943788591417,4.609196476275477e-07,"{'1%': -3.474120870218417, '5%': -2.880749791423677, '10%': -2.5770126333102494}",-9.472969444815547,4.059549878019481e-16,"{'1%': -3.474120870218417, '5%': -2.880749791423677, '10%': -2.5770126333102494}",0.5521,0.0476,0.0929,0.1172,0.125,0.1864,0.225
Eltern,-11.786347081851682,1.0066866282886815e-21,"{'1%': -3.473829775724492, '5%': -2.880622899711496, '10%': -2.5769448985432954}",-9.011864567963238,6.095193654428473e-15,"{'1%': -3.473829775724492, '5%': -2.880622899711496, '10%': -2.5769448985432954}",0.0128,0.0399,0.0591,0.0569,0.0675,0.1204,0.1582
Ende,-1.157914841015258,0.6914327953101236,"{'1%': -3.4779446621720114, '5%': -2.8824156122448983, '10%': -2.577901887755102}",-0.9774799420270945,0.761389111619972,"{'1%': -3.4779446621720114, '5%': -2.8824156122448983, '10%': -2.577901887755102}",0.0701,0.0968,0.0642,0.1595,0.2406,0.4398,0.4871
Endlich,-4.458423094888518,0.0002336032148875595,"{'1%': -3.4750180242954167, '5%': -2.8811408028842043, '10%': -2.577221358046935}",-11.270836083971144,1.5383460476232222e-20,"{'1%': -3.473829775724492, '5%': -2.880622899711496, '10%': -2.5769448985432954}",0.0597,0.1699,0.1068,0.182,0.3019,0.2098,0.2988
Energie,-2.8964466579068944,0.04576276587979361,"{'1%': -3.476273058920005, '5%': -2.881687616548444, '10%': -2.5775132580261593}",-1.2936507297518336,0.6320720831321248,"{'1%': -3.4769274060112707, '5%': -2.8819726324025625, '10%': -2.577665408088415}",0.9555,0.0167,0.0404,0.0604,0.0504,0.1952,0.31
Entscheidung,-2.064697254797101,0.2589448131184222,"{'1%': -3.4756368462466662, '5%': -2.8814104466172608, '10%': -2.5773652982553568}",-10.880196181923486,1.3006845894449118e-19,"{'1%': -3.473829775724492, '5%': -2.880622899711496, '10%': -2.5769448985432954}",0.3837,0.25,0.4715,0.6405,0.6603,0.7183,0.5023
Erfolg,-9.123612799710799,3.156598545022039e-15,"{'1%': -3.473829775724492, '5%': -2.880622899711496, '10%': -2.5769448985432954}",-5.372523115941007,3.867623166761611e-06,"{'1%': -3.4744158894942156, '5%': -2.880878382771059, '10%': -2.577081275821236}",0.6766,0.8612,0.8776,0.9571,0.9041,0.9276,0.9534
Erfurt,-6.332159105953985,2.888579322699041e-08,"{'1%': -3.474120870218417, '5%': -2.880749791423677, '10%': -2.5770126333102494}",-4.9786864872959296,2.4452735210221983e-05,"{'1%': -3.4744158894942156, '5%': -2.880878382771059, '10%': -2.577081275821236}",0.1986,0.1848,0.2669,0.4084,0.5764,0.4889,0.2608
Ermittler,-6.866059064848745,1.5580909700303907e-09,"{'1%': -3.474120870218417, '5%': -2.880749791423677, '10%': -2.5770126333102494}",-2.678456652228122,0.07784097414259435,"{'1%': -3.4759527332353084, '5%': -2.881548071241103, '10%': -2.577438765246763}",0.0864,0.1727,0.1429,0.1033,0.2293,0.4786,0.6005
Erste,-4.974972486288751,2.4868527248955287e-05,"{'1%': -3.474120870218417, '5%': -2.880749791423677, '10%': -2.5770126333102494}",-2.0168263569035587,0.2792444083436907,"{'1%': -3.4779446621720114, '5%': -2.8824156122448983, '10%': -2.577901887755102}",0.8385,0.9849,0.2033,0.306,0.3558,0.4853,0.3866
Eskalation,-1.980820333381409,0.29504551056618344,"{'1%': -3.4782936965183815, '5%': -2.882567574015525, '10%': -2.5779830117488745}",-5.099244670659709,1.4068105052078881e-05,"{'1%': -3.474120870218417, '5%': -2.880749791423677, '10%': -2.5770126333102494}",0.2143,0.8475,0.8804,0.9474,0.7438,0.8049,0.2562
Essen,-7.599986749268117,2.4035457952905038e-11,"{'1%': -3.473829775724492, '5%': -2.880622899711496, '10%': -2.5769448985432954}",-9.284751177238624,1.2239762831034633e-15,"{'1%': -3.473829775724492, '5%': -2.880622899711496, '10%': -2.5769448985432954}",0.0361,0.0355,0.0567,0.0997,0.1643,0.257,0.2838
Euro,-4.850182879986253,4.355746341164604e-05,"{'1%': -3.474714913481481, '5%': -2.881008708148148, '10%': -2.5771508444444446}",-1.531764456037537,0.517743514310268,"{'1%': -3.4779446621720114, '5%': -2.8824156122448983, '10%': -2.577901887755102}",0.636,0.0373,0.062,0.0972,0.1624,0.044,0.0031
Europa,-3.2541620723805833,0.017055965304260703,"{'1%': -3.4744158894942156, '5%': -2.880878382771059, '10%': -2.577081275821236}",-1.6003148035106,0.4834353309580848,"{'1%': -3.4782936965183815, '5%': -2.882567574015525, '10%': -2.5779830117488745}",0.0407,0.3406,0.0613,0.0944,0.1208,0.1473,0.158
Experte,-2.5337215646044853,0.1074835732580613,"{'1%': -3.4744158894942156, '5%': -2.880878382771059, '10%': -2.577081275821236}",-12.198546212068266,1.2383691502814066e-22,"{'1%': -3.473829775724492, '5%': -2.880622899711496, '10%': -2.5769448985432954}",0.0094,0.0106,0.0422,0.0135,0.0103,0.0009,0.0006
Explosion,-5.6029832816115155,1.2524857433013135e-06,"{'1%': -3.474120870218417, '5%': -2.880749791423677, '10%': -2.5770126333102494}",-9.038161125458606,5.2205396598327176e-15,"{'1%': -3.473829775724492, '5%': -2.880622899711496, '10%': -2.5769448985432954}",0.5805,0.7299,0.323,0.1114,0.0513,0.0918,0.1356
Facebook,-6.620869222564733,6.041878140222856e-09,"{'1%': -3.474120870218417, '5%': -2.880749791423677, '10%': -2.5770126333102494}",-3.200254662361656,0.019969943092709812,"{'1%': -3.4782936965183815, '5%': -2.882567574015525, '10%': -2.5779830117488745}",0.2393,0.4055,0.0003,0.0003,0.0002,0.004,0.0154
Fahrer,-11.388777143260139,8.165172109384384e-21,"{'1%': -3.473829775724492, '5%': -2.880622899711496, '10%': -2.5769448985432954}",-4.337744045298554,0.00038190582358166894,"{'1%': -3.4744158894942156, '5%': -2.880878382771059, '10%': -2.577081275821236}",0.0597,0.0737,0.047,0.0222,0.0361,0.0709,0.0852
Fahrt,-7.477963889722692,4.85683976276998e-11,"{'1%': -3.474120870218417, '5%': -2.880749791423677, '10%': -2.5770126333102494}",-10.385429353529053,2.086078866945453e-18,"{'1%': -3.473829775724492, '5%': -2.880622899711496, '10%': -2.5769448985432954}",0.8328,0.8069,0.5947,0.6595,0.7685,0.843,0.9039
Fall,-3.090027831227301,0.027300029652902298,"{'1%': -3.474714913481481, '5%': -2.881008708148148, '10%': -2.5771508444444446}",-8.558359708638985,8.832467717026275e-14,"{'1%': -3.473829775724492, '5%': -2.880622899711496, '10%': -2.5769448985432954}",0.0886,0.2213,0.3796,0.435,0.429,0.5142,0.6108
Familie,-1.5547497169842837,0.506274799197367,"{'1%': -3.4756368462466662, '5%': -2.8814104466172608, '10%': -2.5773652982553568}",-13.229615537600752,9.644056572533799e-25,"{'1%': -3.473829775724492, '5%': -2.880622899711496, '10%': -2.5769448985432954}",0.0647,0.2097,0.539,0.6415,0.5945,0.7189,0.1735
Fans,-3.5654874742063125,0.006456164583427896,"{'1%': -3.4750180242954167, '5%': -2.8811408028842043, '10%': -2.577221358046935}",-2.0102955181580313,0.28207719856639424,"{'1%': -3.4779446621720114, '5%': -2.8824156122448983, '10%': -2.577901887755102}",0.8088,0.9483,0.9661,0.9412,0.8926,0.8873,0.8835
Fast,-12.155779266275456,1.533299608772186e-22,"{'1%': -3.473829775724492, '5%': -2.880622899711496, '10%': -2.5769448985432954}",-10.045755743190695,1.4559836688811346e-17,"{'1%': -3.473829775724492, '5%': -2.880622899711496, '10%': -2.5769448985432954}",0.7352,0.4211,0.6016,0.174,0.171,0.2544,0.2262
Februar,-1.7490130903986973,0.40605262406212844,"{'1%': -3.4756368462466662, '5%': -2.8814104466172608, '10%': -2.5773652982553568}",-1.5616317564076314,0.5028330003754702,"{'1%': -3.4769274060112707, '5%': -2.8819726324025625, '10%': -2.577665408088415}",0.0,0.0,0.0,0.0,0.0,0.0,0.0
Fehler,-3.477189234970516,0.008592616480200562,"{'1%': -3.476597917537401, '5%': -2.8818291230495543, '10%': -2.5775887982253085}",-1.7223842150310356,0.41961791800247206,"{'1%': -3.476597917537401, '5%': -2.8818291230495543, '10%': -2.5775887982253085}",0.2023,0.4442,0.4563,0.5885,0.6055,0.6772,0.8809
Festnahme,-8.895083358101786,1.2130522300277413e-14,"{'1%': -3.473829775724492, '5%': -2.880622899711496, '10%': -2.5769448985432954}",-10.824323309275941,1.772747493592241e-19,"{'1%': -3.473829775724492, '5%': -2.880622899711496, '10%': -2.5769448985432954}",0.6957,0.8554,0.9657,0.9384,0.9431,0.9701,0.9785
Feuer,-1.4622279620336198,0.5521070720601552,"{'1%': -3.4759527332353084, '5%': -2.881548071241103, '10%': -2.577438765246763}",-3.29222515050615,0.015229607721877132,"{'1%': -3.474714913481481, '5%': -2.881008708148148, '10%': -2.5771508444444446}",0.129,0.2194,0.455,0.6792,0.5203,0.4068,0.5308
Feuerwehr,-12.47357981303347,3.204768453724695e-23,"{'1%': -3.473829775724492, '5%': -2.880622899711496, '10%': -2.5769448985432954}",-5.4207113419122575,3.0639362120876993e-06,"{'1%': -3.474120870218417, '5%': -2.880749791423677, '10%': -2.5770126333102494}",0.7584,0.5083,0.565,0.7062,0.761,0.871,0.8235
Finale,-11.293977964565036,1.3579763516776816e-20,"{'1%': -3.473829775724492, '5%': -2.880622899711496, '10%': -2.5769448985432954}",-2.57350012393862,0.09859886829543929,"{'1%': -3.4756368462466662, '5%': -2.8814104466172608, '10%': -2.5773652982553568}",0.4982,0.7274,0.3637,0.233,0.2864,0.408,0.4733
